step	l2
0	0.575868863190958
1	0.47154555606772103
2	0.3887831314444786
3	0.3192041419776004
4	0.26446309472400154
5	0.21779184895683848
6	0.1817034861441523
7	0.15174368671639568
8	0.12679997428000148
9	0.10481918745517722
